id,name,country,rank,br_realistic
cn_al_khalid_1,"Al-Khalid-I",china,7,11.7
cn_antelope_tc_1l_ads,"Antelope",china,7,10.0
cn_cm11,"CM11",china,6,9.3
cn_cm_25,"CM25",china,6,8.7
cn_cm_34,"CM34",china,6,9.3
cn_fk_2000,"FK-2000",china,8,12.0
cn_gmc_cckw_353_m45_quad,"CCKW 353 (M45)",china,2,2.3
cn_hj_9,"AFT09",china,6,9.0
cn_hq_11,"HQ11",china,8,12.7
cn_hq_17,"HQ17",china,7,11.7
cn_isu_122,"␗ISU-122",china,3,5.3
cn_isu_152,"␗ISU-152",china,3,4.7
cn_is_2_1943,"␗IS-2",china,4,6.0
cn_is_2_1943_no402,"IS-2 No.402",china,4,6.0
cn_is_2_1944,"␗IS-2 (1944)",china,4,6.3
cn_lvt_4_zis_2,"LVT(A)(4) (ZiS-2)",china,2,2.3
cn_m10,"␗M10 GMC",china,2,3.3
cn_m113a1_tow,"␗M113A1 (TOW)",china,5,8.3
cn_m18_hellcat,"␗M18 GMC",china,4,6.0
cn_m1a2t,"M1A2T",china,8,12.7
cn_m24_chaffee,"␗M24",china,3,4.0
cn_m36,"␗M36 GMC",china,3,5.3
cn_m3a3_stuart,"␗M3A3 Stuart",china,2,2.7
cn_m3a3_stuart_1st_ptg,"␗M3A3 (1st PTG)",china,2,2.7
cn_m41_a3_walker_bulldog,"␗M41A3",china,3,5.7
cn_m42_duster,"␗M42",china,3,4.0
cn_m48a1_patton_iii,"␗M48A1",china,5,7.7
cn_m4a1_76w_sherman,"␗M4A1 (75) W",china,3,4.0
cn_m4a4_sherman,"␗M4A4",china,2,3.7
cn_m4a4_sherman_1st_ptg,"␗M4A4 (1st PTG)",china,2,3.7
cn_m55,"␗M55",china,3,3.7
cn_m5a1_stuart,"␗M5A1",china,2,2.7
cn_m60a3_tts,"␗M60A3 TTS",china,6,9.0
cn_m8_greyhound,"␗M8 LAC",china,1,1.0
cn_m8_scott,"␗M8 HMC",china,1,1.3
cn_mbt2000,"MBT-2000",china,7,11.7
cn_mbt2000_sm,"◍MBT-2000",china,7,11.7
cn_m_41d,"M41D",china,6,8.3
cn_object_122tm,"Object 122MT &quot;MC&quot;",china,6,8.7
cn_object_211,"Object 211",china,3,5.0
cn_oplot_t,"Oplot-M",china,8,12.3
cn_pgz_04a,"PGZ04A",china,6,9.3
cn_pgz_09,"PGZ09",china,6,9.3
cn_pgz_625_fb10,"CS/SA5",china,8,12.0
cn_pgz_88,"PGZ88",china,5,8.0
cn_plz_05,"PLZ05",china,5,7.7
cn_plz_45,"PLZ45",china,4,6.3
cn_plz_83,"PLZ83",china,4,6.0
cn_plz_83_130,"PLZ83-130",china,5,7.3
cn_ptl_02,"PTL02",china,6,9.0
cn_ptz_89,"PTZ89",china,6,9.0
cn_pt_76,"␗PT-76",china,3,5.0
cn_qn506,"QN506",china,7,10.0
cn_sdkfz_222_early,"␗Sd.Kfz.222",china,1,1.3
cn_su_100_1945,"␗SU-100",china,4,6.0
cn_su_76m_1943,"␗SU-76M",china,1,2.0
cn_tor_m1,"Tor-M1",china,7,11.3
cn_type_58,"T-34-85 Gai",china,3,5.7
cn_type_59,"Type 59",china,5,8.0
cn_type_59d,"ZTZ59D1",china,6,8.3
cn_type_62,"Type 62",china,4,6.7
cn_type_63_i,"Type 63",china,4,6.3
cn_type_64,"M64",china,4,6.0
cn_type_65_aa,"Phòng không T-34",china,3,5.0
cn_type_69,"Type 69",china,5,8.0
cn_type_69_2a,"Type 69-IIa",china,5,8.3
cn_type_69_2g,"T-69 II G",china,6,9.0
cn_type_86,"ZBD86",china,5,8.0
cn_type_97_chi_ha,"␗Chi-Ha",china,1,1.3
cn_type_97_kai,"␗Chi-Ha Kai",china,2,2.3
cn_t_26_1940,"␗T-26",china,1,1.0
cn_t_26_no531,"T-26 No.531",china,1,1.0
cn_t_34_1942,"␗T-34 (1943)",china,3,4.0
cn_t_34_85_d_5t,"␗T-34-85 (S-53)",china,3,5.7
cn_t_34_85_zis_53_no215,"T-34-85 No.215",china,4,5.7
cn_t_62,"T-62 N545",china,6,8.7
cn_t_80ud_478be,"T-80UD/BE",china,7,11.0
cn_vt_4,"VT4",china,8,12.3
cn_vt_4b,"VT4A1",china,8,12.7
cn_vt_5,"VT5",china,7,11.7
cn_wma_301,"WMA301",china,6,9.0
cn_wz_1001,"WZ1001(E) LCT",china,8,12.3
cn_wz_141,"WZ141-1",china,4,6.7
cn_wz_305,"WZ305",china,5,8.0
cn_zbd_04a,"ZBD04A",china,7,10.0
cn_zsd63_pg87,"ZSD63/PG87",china,4,5.7
cn_zsl_92,"ZSL92",china,4,6.3
cn_ztl_11,"ZLT11",china,7,9.7
cn_zts_63_1980,"ZTS63",china,5,7.7
cn_ztz_59a,"ZTZ59A",china,5,8.0
cn_ztz_88a,"ZTZ88A",china,6,9.0
cn_ztz_88b,"ZTZ88B",china,6,9.0
cn_ztz_96,"ZTZ96",china,6,9.3
cn_ztz_96a,"ZTZ96A",china,7,10.3
cn_ztz_96a_prot,"ZTZ96A (P)",china,7,10.3
cn_ztz_96b,"ZTZ96B",china,7,11.7
cn_ztz_99,"ZTZ99-II",china,7,11.0
cn_ztz_99a,"ZTZ99A",china,8,12.3
cn_ztz_99_w,"ZTZ99-III",china,7,11.0
fr_amc_34,"AMC.34 YR",france,1,1.0
fr_amc_35,"AMC.35 (ACG.1)",france,1,1.3
fr_amd_35,"AMD.35",france,1,1.0
fr_amd_35_kwk39,"AMD.35 (PaK)",france,2,2.7
fr_amd_35_sa35,"AMD.35 (SA35)",france,1,1.7
fr_aml_90,"AML-90",france,5,7.7
fr_amr_35_zt3,"AMR.35 ZT3",france,1,1.0
fr_amx_10m_acra,"AMX-10M",france,5,7.3
fr_amx_10p,"AMX-10P",france,4,6.3
fr_amx_10rc,"AMX-10RC",france,6,8.3
fr_amx_13_75,"AMX-13",france,4,7.0
fr_amx_13_75_ss11,"AMX-13 (SS.11)",france,4,7.0
fr_amx_13_90,"AMX-13-90",france,5,7.7
fr_amx_13_chaffee,"AMX-13-M24",france,2,4.0
fr_amx_13_dca_40,"AMX-13 DCA 40",france,3,5.0
fr_amx_13_fl_11,"AMX-13 (FL11)",france,3,4.3
fr_amx_13_hot,"AMX-13 (HOT)",france,6,8.3
fr_amx_30,"AMX-30",france,5,8.0
fr_amx_30_1972,"AMX-30 (1972)",france,5,8.0
fr_amx_30_acra,"AMX-30 ACRA",france,6,8.3
fr_amx_30_auf_1,"AuF1",france,4,6.7
fr_amx_30_b2,"AMX-30B2",france,6,8.7
fr_amx_30_b2_brenus,"AMX-30B2 BRENUS",france,6,8.7
fr_amx_30_dca,"AMX-30 S DCA",france,6,8.7
fr_amx_30_roland,"Roland 1",france,7,9.7
fr_amx_30_super,"AMX-30 Super",france,6,9.3
fr_amx_32,"AMX-32",france,6,9.7
fr_amx_32_105,"AMX-32 (105)",france,6,9.3
fr_amx_40,"AMX-40",france,7,10.0
fr_amx_50,"AMX-50 (TOA100)",france,5,7.7
fr_amx_50_1950,"AMX-50 (TO90/930)",france,5,8.0
fr_amx_50_foch,"AMX-50 Foch",france,5,7.3
fr_amx_50_surbaisse,"AMX-50 Surbaissé",france,5,7.7
fr_amx_50_surblinde,"AMX-50 Surblindé",france,5,7.7
fr_amx_elc_901,"ELC 901",france,4,6.3
fr_amx_elc_bis,"ELC bis",france,4,6.3
fr_amx_m4,"AMX M4",france,4,7.0
fr_amx_vtt_dca,"VTT DCA",france,2,3.0
fr_arl_44,"ARL-44",france,3,5.3
fr_arl_44_acl1,"ARL-44 (ACL-1)",france,3,3.7
fr_arl_44_mod,"ARL-44 Bayard",france,3,5.3
fr_b1_bis,"B1 bis",france,2,2.3
fr_b1_ter,"B1 ter",france,2,2.7
fr_bat_chat_25t,"Char 25t",france,5,8.0
fr_cckw_353_bofors,"CCKW 353 AA",france,2,2.3
fr_char_2c,"2C",france,2,2.3
fr_char_2c_bis,"2C bis",france,1,1.7
fr_citroen_kegresse_p4t,"P.7.T AA",france,1,1.3
fr_crotale_ng,"▄ItO 90M",france,8,12.0
fr_crusader_mk_2,"▄Crusader Mk.II",france,2,2.7
fr_cv_9035_nl,"CV 9035NL",france,7,9.7
fr_embt,"▄EMBT",france,8,12.7
fr_fcm_36,"FCM.36",france,1,1.0
fr_hotchkiss_h35,"H.35",france,1,1.0
fr_hotchkiss_h39,"H.39",france,1,1.0
fr_hotchkiss_h39_cambronne,"H.39 &quot;Cambronne&quot;",france,1,1.0
fr_jaguar_ebrc,"EBRC Jaguar",france,7,11.0
fr_leclerc_azur,"Leclerc AZUR",france,8,12.7
fr_leclerc_s1,"Leclerc",france,8,12.7
fr_leclerc_s2,"Leclerc S2",france,8,12.7
fr_leclerc_sxxi,"Leclerc SXXI",france,8,12.7
fr_leopard_1a5be,"Leopard 1A5BE",france,6,9.3
fr_leopard_2a4nl,"Leopard 2A4NL",france,7,10.7
fr_leopard_2a4nl_les,"Leopard 2 (OTCo)",france,7,10.7
fr_leopard_2a5nl,"Leopard 2A5NL",france,8,12.3
fr_leopard_2a6nl,"Leopard 2A6NL",france,8,12.7
fr_lorraine_100,"CA Lorraine",france,4,6.0
fr_lorraine_155,"Lorraine 155 Mle.50",france,3,4.3
fr_lorraine_37l,"Lorraine 37L",france,1,1.3
fr_lorraine_40t,"Lorraine 40t",france,5,7.7
fr_lvt_bofors,"LVT-4/40",france,2,3.7
fr_m10,"▄M10 GMC",france,2,3.3
fr_m26_pershing,"▄M26",france,4,6.7
fr_m36b2_cefeo,"▄M36B2",france,3,5.7
fr_m3a3_stuart,"▄M3A3 Stuart",france,2,2.7
fr_m44,"▄M44",france,3,3.7
fr_m46_patton,"▄M46",france,4,7.0
fr_m4a1_sherman,"▄M4A1",france,2,3.7
fr_m4a1_sherman_fl_10,"M4A1 (FL10)",france,3,5.0
fr_m4a3e2_sherman_jumbo,"▄M4A3E2",france,3,5.7
fr_m4a3_105_sherman,"▄M4A3 (105)",france,2,3.0
fr_m4a4_cn_75_50,"M4A4 (SA50)",france,3,5.0
fr_m4a4_sherman,"▄M4A4",france,3,3.7
fr_m55,"▄M55",france,3,3.7
fr_marder_clovis,"CLOVIS",france,5,8.0
fr_marder_df_105,"DF105",france,5,8.0
fr_mars_15,"MARS 15",france,6,8.3
fr_msc,"MSC",france,7,11.0
fr_panhard_ebr_1951,"E.B.R. (1951)",france,3,5.3
fr_panhard_ebr_1954,"E.B.R. (1954)",france,4,7.0
fr_panhard_ebr_1963,"E.B.R. (1963)",france,5,7.7
fr_pzkpfw_v_panther_dauphine,"Panther &quot;Dauphiné&quot;",france,4,6.0
fr_renault_d2,"D2",france,1,1.3
fr_renault_r39,"R.35 (SA38)",france,1,1.0
fr_saint_chamond,"St-Chamond",france,1,1.0
fr_samp_t_fcs,"FSAF SAMP/T (Mamba) (TADS)",france,8,12.7
fr_sk105_a2,"SK-105A2",france,6,8.7
fr_somua_s35,"S.35",france,1,1.3
fr_somua_sau40,"SAu 40",france,1,1.7
fr_somua_sm,"Somua SM",france,5,7.7
fr_tpk_641_vpc,"TPK 6.41",france,3,5.7
fr_vab_santal,"SANTAL",france,6,9.3
fr_vbci,"VBCI",france,6,9.3
fr_vbci2_mct30,"VBCI-2 (MCT30)",france,6,9.7
fr_vcac_mephisto,"MEPHISTO",france,6,8.7
fr_vextra_105,"Vextra 105",france,7,10.0
germ_9a33bm3,"◊Osa-AK",germany,7,10.3
germ_9a35_m,"◊Strela-10M",germany,7,10.3
germ_a7v,"A7V",germany,1,1.0
germ_amd_35_kwk,"P204(f) KwK 38",germany,1,2.0
germ_amd_35_kwk39,"P204(f) KwK 39/1",germany,2,2.7
germ_begleitpanzer_57,"Begleitpanzer 57",germany,6,9.7
germ_beutepanzer_mk_iv,"Beutepanzer IV",germany,1,1.0
germ_bmp_1_ddr,"SPz BMP-1",germany,5,8.0
germ_boxer_3105,"Boxer MGS",germany,7,10.3
germ_boxer_swatrinf,"sWaTrgInf",germany,7,10.7
germ_embt,"◄EMBT",germany,8,12.7
germ_erprobungstrager_3_achs_turm,"Turm III",germany,5,8.7
germ_flakpanzer_38t_gepard,"Flakpanzer 38",germany,1,1.7
germ_flakpanzer_iv_kugelblitz,"Kugelblitz",germany,4,6.7
germ_flakpanzer_iv_ostwind,"Ostwind",germany,3,3.3
germ_flakpanzer_iv_ostwind_2,"Ostwind II",germany,3,5.3
germ_flakpanzer_iv_ostwind_2_net,"Ostwind Ost",germany,3,5.3
germ_flakpanzer_iv_wirbelwind,"Wirbelwind",germany,3,3.7
germ_flakpanzer_i_ausf_a,"Flakpanzer I",germany,1,1.3
germ_flakpanzer_v_coelian,"Flakpanzer 341",germany,4,7.0
germ_flakpanzer_zerstorer_45,"Zerstörer 45",germany,4,6.0
germ_flakpz_1a2_gepard,"Gepard 1A2",germany,6,9.7
germ_flakpz_i_gepard,"Gepard",germany,6,8.3
germ_flarakpz_1,"FlaRakPz 1",germany,7,10.0
germ_flarakrad,"FlaRakRad",germany,8,11.7
germ_garford_putilov,"Garford-Beute",germany,1,1.0
germ_hummel,"Hummel",germany,2,3.3
germ_infanterie_kampfpanzer_churchill,"▀Pz.Kpfw. Churchill",germany,3,4.0
germ_iris_slm_fcs,"IRIS-T SLM (TADS)",germany,8,12.7
germ_jaguar_2,"Jaguar 2",germany,6,8.7
germ_jgdpz_38t,"Jagdpanzer 38(t)",germany,3,4.3
germ_jgdpz_iv_l48,"Jagdpanzer IV",germany,3,4.3
germ_kanonenjagdpanzer,"JPz 4-5",germany,4,6.3
germ_kpz_70,"KPz-70",germany,6,9.3
germ_kpz_t72m1,"◊T-72M1",germany,6,9.3
germ_kv_1b_finland,"▀KV-IB",germany,3,4.3
germ_kv_1_kwk_40,"▀KW I C 756 (r)",germany,3,5.0
germ_kv_2_754r,"▀KW II 754 (r)",germany,3,3.7
germ_leopard_1a5,"Leopard 1A5",germany,6,9.3
germ_leopard_2a4,"Leopard 2A4",germany,7,10.7
germ_leopard_2a4m_can,"Leopard 2A4M",germany,7,12.0
germ_leopard_2a4m_can_sm,"◍Leopard 2A4M",germany,7,12.0
germ_leopard_2a4_pzbtl_123,"Leopard 2 (PzBtl 123)",germany,7,10.7
germ_leopard_2a5,"Leopard 2A5",germany,8,12.3
germ_leopard_2a5_pso,"Leopard 2 PSO",germany,8,12.7
germ_leopard_2a5_yt_cup_2019,"␙Leopard 2A5",germany,8,12.3
germ_leopard_2a6,"Leopard 2A6",germany,8,12.7
germ_leopard_2a7v,"Leopard 2A7V",germany,8,12.7
germ_leopard_2av,"Leopard 2AV",germany,7,10.3
germ_leopard_2k,"Leopard 2K",germany,7,10.0
germ_leopard_2pl,"Leopard 2PL",germany,8,12.3
germ_leopard_2_pt14,"PT-16/T14 mod.",germany,7,11.0
germ_leopard_a1a1_120,"Leopard 1 MPI",germany,6,9.3
germ_leopard_c2_mexas,"C2A1",germany,6,9.3
germ_leopard_i,"Leopard I",germany,5,8.0
germ_leopard_i_a1,"Leopard A1A1",germany,6,8.7
germ_le_kpz_m41,"leKPz M41",germany,4,6.7
germ_m109g,"M109G",germany,4,5.7
germ_m44,"M44",germany,2,3.7
germ_m55,"◄M55",germany,2,3.7
germ_marder_1a1,"Marder A1-",germany,5,7.7
germ_marder_1a3,"Marder 1A3",germany,5,8.0
germ_marder_clovis,"CLOVIS",germany,5,8.0
germ_marder_df_105,"DF105",germany,5,8.0
germ_mkpz_m47,"mKPz M47 G",germany,5,7.3
germ_mkpz_m48a2c,"M48A2 C",germany,5,7.7
germ_mkpz_m48a2ga2,"M48A2 G A2",germany,6,8.3
germ_mkpz_super_m48,"M48 Super",germany,6,9.3
germ_nbfz_vi,"Nb.Fz.",germany,1,1.3
germ_panther_ii,"Panther II",germany,4,7.0
germ_panzerbefelhswagen_iv_ausf_j,"Pz.Bef.Wg.IV J",germany,3,4.0
germ_panzerbefelhswagen_jagdpanther,"Bfw. Jagdpanther G1",germany,4,6.3
germ_panzerbefelhswagen_vi_p,"Pz.Bef.Wg.VI P",germany,4,5.7
germ_panzerjager_1,"Panzerjäger I",germany,1,1.3
germ_panzerjager_nashorn,"Nashorn",germany,3,5.3
germ_panzerjager_panther,"Jagdpanther G1",germany,4,6.3
germ_panzerjager_tiger,"Jagdtiger",germany,4,6.7
germ_panzerjager_tiger_p_elefant,"Elefant",germany,4,6.7
germ_panzerjager_tiger_p_ferdinand,"Ferdinand",germany,4,6.7
germ_panzerwerfer_42,"15 cm Pz.W.42",germany,2,2.3
germ_pzh_2000,"PzH 2000",germany,5,7.7
germ_pzkpfw_35t,"Pz.35(t)",germany,1,1.0
germ_pzkpfw_38t_aufklarungspanzer,"Sd.Kfz. 140/1",germany,1,2.0
germ_pzkpfw_38t_ausf_a,"Pz.38(t) A",germany,1,1.3
germ_pzkpfw_38t_ausf_f,"Pz.38(t) F",germany,1,2.3
germ_pzkpfw_38t_marder_iii,"Marder III",germany,1,2.3
germ_pzkpfw_38t_marder_iii_ausf_h,"Marder III H",germany,2,2.7
germ_pzkpfw_38t_na,"Pz.38(t) n.A.",germany,1,2.3
germ_pzkpfw_e_100,"E-100",germany,5,7.7
germ_pzkpfw_iii_ausf_b,"Pz.III B",germany,1,1.0
germ_pzkpfw_iii_ausf_e,"Pz.III E",germany,1,1.0
germ_pzkpfw_iii_ausf_f,"Pz.III F",germany,1,1.3
germ_pzkpfw_iii_ausf_j,"Pz.III J1",germany,2,2.7
germ_pzkpfw_iii_ausf_j_l42,"Pz.III J",germany,1,2.3
germ_pzkpfw_iii_ausf_j_td,"Pz.III J1 TD",germany,2,2.7
germ_pzkpfw_iii_ausf_l,"Pz.III L",germany,2,3.0
germ_pzkpfw_iii_ausf_m,"Pz.III M",germany,2,3.3
germ_pzkpfw_iii_ausf_n,"Pz.III N",germany,2,3.3
germ_pzkpfw_ii_ausf_c,"Pz.II C",germany,1,1.3
germ_pzkpfw_ii_ausf_c_dak,"Pz.II C (DAK)",germany,1,1.3
germ_pzkpfw_ii_ausf_c_td,"Pz.II C TD",germany,1,1.3
germ_pzkpfw_ii_ausf_f,"Pz.II F",germany,1,1.7
germ_pzkpfw_ii_ausf_h,"Pz.Sfl.Ic",germany,2,2.7
germ_pzkpfw_iv_ausf_c,"Pz.IV C",germany,1,1.3
germ_pzkpfw_iv_ausf_e,"Pz.IV E",germany,1,2.0
germ_pzkpfw_iv_ausf_f,"Pz.IV F1",germany,1,2.3
germ_pzkpfw_iv_ausf_f2,"Pz.IV F2",germany,2,3.3
germ_pzkpfw_iv_ausf_g,"Pz.IV G",germany,2,3.7
germ_pzkpfw_iv_ausf_h,"Pz.IV H",germany,2,4.0
germ_pzkpfw_iv_ausf_j,"Pz.IV J",germany,2,4.0
germ_pzkpfw_maus,"Maus",germany,5,7.7
germ_pzkpfw_vi_ausf_b_tiger_iih,"Tiger II",germany,4,6.7
germ_pzkpfw_vi_ausf_b_tiger_iih_kwk46,"Tiger II (10.5 cm Kw.K)",germany,4,7.0
germ_pzkpfw_vi_ausf_b_tiger_iih_sla,"Tiger II (Sla.16)",germany,4,6.7
germ_pzkpfw_vi_ausf_b_tiger_iip,"Tiger II (Nr.1-50)",germany,4,6.3
germ_pzkpfw_vi_ausf_e_tiger,"Tiger E",germany,3,6.0
germ_pzkpfw_vi_ausf_h1_tiger,"Tiger H1",germany,3,5.7
germ_pzkpfw_vi_ausf_h1_tiger_animal_version,"␠Tiger",germany,3,5.7
germ_pzkpfw_vi_ausf_h1_tiger_east,"Tiger Ost",germany,3,5.7
germ_pzkpfw_vi_ausf_h1_tiger_west,"Tiger West",germany,3,5.7
germ_pzkpfw_vi_tiger_p,"VK 45.01 (P)",germany,3,5.3
germ_pzkpfw_v_ausf_a_panther,"Panther A",germany,4,6.0
germ_pzkpfw_v_ausf_d_panther,"Panther D",germany,3,5.3
germ_pzkpfw_v_ausf_f_panther,"Panther F",germany,4,6.0
germ_pzkpfw_v_ausf_g_panther,"Panther G",germany,4,6.0
germ_pzkpfw_v_ersatz_m10,"Ersatz M10",germany,4,6.0
germ_pzsflk40_sturer_emil,"Sturer Emil",germany,2,4.0
germ_pzsfl_iva_dickermax,"Dicker Max",germany,2,3.7
germ_pz_iv_l70,"Panzer IV/70(V)",germany,3,5.7
germ_pz_iv_l70_a,"Panzer IV/70(A)",germany,3,4.3
germ_radpanzer_90,"Radkampfwagen 90",germany,7,10.0
germ_raketenjagdpanzer_2,"RakJPz 2",germany,5,8.0
germ_raketenjagdpanzer_2_hot,"RakJPz 2 (HOT)",germany,6,8.3
germ_ru251,"Ru 251",germany,4,7.3
germ_schutzenpanzer_puma,"Puma",germany,7,10.3
germ_schutzenpanzer_puma_vjtf,"Puma VJTF",germany,7,11.0
germ_schutzenpanzer_puma_vjtf_mod,"Puma u14",germany,7,11.0
germ_sdkfz_221_s_pz_b_41,"Sd.Kfz.221 (s.Pz.B.41)",germany,1,1.0
germ_sdkfz_222,"Sd.Kfz.222",germany,1,2.0
germ_sdkfz_234_1,"Sd.Kfz.234/1",germany,1,2.0
germ_sdkfz_234_2,"Sd.Kfz.234/2",germany,2,3.7
germ_sdkfz_234_2_mod,"Sd.Kfz.234/2 &quot;Biene&quot;",germany,2,3.7
germ_sdkfz_234_2_td,"Sd.Kfz.234/2 TD",germany,2,3.7
germ_sdkfz_234_3,"Sd.Kfz.234/3",germany,1,2.0
germ_sdkfz_234_4,"Sd.Kfz.234/4",germany,3,4.7
germ_sdkfz_251_10,"Sd.Kfz.251/10",germany,1,1.0
germ_sdkfz_251_21,"Sd.Kfz.251/21",germany,2,3.3
germ_sdkfz_251_22,"Sd.Kfz.251/22",germany,2,3.0
germ_sdkfz_251_9,"Sd.Kfz.251/9",germany,1,1.3
germ_sdkfz_6_2_flak36,"Sd.Kfz. 6/2",germany,1,2.3
germ_sdkfz_9_flak37,"8,8 cm Flak 37 Sfl.",germany,3,4.0
germ_sk105_a2,"JaPz.K A2",germany,6,8.7
germ_sppz2_luchs_a2,"Luchs A2",germany,5,7.3
germ_spz_12_3,"SPz 12-3 LGS",germany,4,7.0
germ_spz_oerlikon_raketenautomat,"Raketenautomat",germany,5,8.0
germ_stug_iii_ausf_a,"StuG III A",germany,1,2.3
germ_stug_iii_ausf_f,"StuG III F",germany,2,3.3
germ_stug_iii_ausf_g,"StuG III G",germany,3,4.0
germ_stuh_iii_ausf_g,"StuH 42 G",germany,2,3.0
germ_sturmmorser_sturmtiger,"38 cm Sturmmörser",germany,4,5.7
germ_sturmpanzer_ii,"15cm sIG 33 B Sfl",germany,1,1.0
germ_sturmpanzer_iv_brummbar,"Brummbär",germany,3,4.3
germ_thyssen_henschel_tam,"TAM",germany,6,9.0
germ_thyssen_henschel_tam_2c,"TAM 2C",germany,7,10.3
germ_thyssen_henschel_tam_2ip,"TAM 2IP",germany,6,9.3
germ_th_400,"R400",germany,6,9.7
germ_th_800_bismark,"Class 3 (P)",germany,6,9.0
germ_t_34_747,"▀T 34 747 (r)",germany,3,4.3
germ_vilkas,"Vilkas",germany,7,10.7
germ_vk_3002m,"VK 3002 (M)",germany,3,5.0
germ_vsw_flak_41,"VFW",germany,3,5.7
germ_vt_1_2,"VT1-2",germany,6,8.7
germ_waffentrager_krupp_steyr,"Waffenträger",germany,3,5.7
germ_wiesel_1_mk20,"Wiesel 1A4",germany,5,7.3
germ_wiesel_1_tow,"Wiesel 1A2",germany,7,9.7
germ_wiesel_2_adwc,"Ozelot",germany,6,9.7
il_9a33bm3,"◐Osa-AKM",israel,7,10.3
il_aml_90,"AML-90",israel,4,7.7
il_amx_13_75,"AMX-13",israel,4,7.0
il_centurion_mk_5_shot,"Sho&#039;t",israel,4,7.7
il_centurion_shot_kal_alef,"Sho&#039;t Kal Alef",israel,5,8.0
il_centurion_shot_kal_d,"Sho&#039;t Kal Dalet",israel,6,9.0
il_centurion_shot_kal_gimel,"Sho&#039;t Kal Gimel",israel,6,8.7
il_eitan,"Eitan (P)",israel,7,11.3
il_hunter_afv,"Hunter AFV",israel,7,10.7
il_leopard_2a6_hel,"◐Leopard 2HEL",israel,8,12.7
il_m109,"M109",israel,4,5.7
il_m109a1,"Rochev",israel,4,6.0
il_m113a1_tow,"Giraf",israel,6,8.3
il_m113_hvms,"Bardelas/60mm HVMS",israel,5,7.7
il_m163_vulcan,"Hovet",israel,4,7.3
il_m48a1_patton_iii,"Magach 1",israel,4,7.7
il_machbet,"Machbet",israel,6,9.3
il_magach_2,"Magach 2",israel,4,7.7
il_magach_3,"Magach 3 (ERA)",israel,5,8.0
il_magach_3_idf,"Magach 3",israel,5,8.0
il_magach_5,"Magach 5",israel,5,8.0
il_magach_6,"Magach 6",israel,5,8.0
il_magach_6a,"Magach 6A",israel,5,8.0
il_magach_6b,"Magach 6B",israel,6,8.7
il_magach_6b_gal,"Magach 6B Gal",israel,6,9.3
il_magach_6b_gal_batash,"Gal Batash",israel,6,9.3
il_magach_6c,"Magach 6C",israel,6,9.3
il_magach_6m,"Magach 6M",israel,6,9.0
il_magach_6r,"Magach 6R",israel,6,8.7
il_magach_6_rocket,"Magach Hydra",israel,6,8.7
il_magach_7c,"Magach 7C",israel,6,9.3
il_merkava_mk_1,"Merkava Mk.1",israel,6,9.3
il_merkava_mk_1b,"Merkava Mk.1B",israel,6,9.7
il_merkava_mk_2b_early,"Merkava Mk.2B",israel,6,9.7
il_merkava_mk_2d,"Merkava Mk.2D",israel,6,10.0
il_merkava_mk_3b,"Merkava Mk.3B",israel,7,11.3
il_merkava_mk_3c,"Merkava Mk.3C",israel,7,11.3
il_merkava_mk_3_raam_segol,"Ra&#039;am Sagol",israel,7,11.3
il_merkava_mk_4b,"Merkava Mk.4B",israel,8,12.3
il_merkava_mk_4m,"Merkava Mk.4M",israel,8,12.7
il_merkava_mk_4_lic,"Merkava Mk.4 LIC",israel,8,12.3
il_mim_72_chaparral,"Imp.Chaparral",israel,6,9.3
il_m_51,"M-51",israel,4,6.3
il_m_51_w,"M-51 (W)",israel,4,6.3
il_namer_rcws_30,"Namer 30",israel,7,11.3
il_namer_tsrikhon,"Namer Tsrikhon",israel,7,11.3
il_sabra_mk1,"Sabra Mk.I",israel,7,10.0
il_sholef,"Sholef",israel,4,7.3
il_spyder_aio,"SPYDER",israel,8,12.7
il_ss_11_halftrack,"Zachlam Tager",israel,4,6.7
il_tcm_20,"TCM-20",israel,4,4.3
il_tiran_4,"Tiran 4",israel,5,8.0
il_tiran_4_sh,"Tiran 4S",israel,5,8.0
il_tiran_6,"Tiran 6",israel,6,8.7
il_tor_m1,"◐Tor-M1",israel,7,11.3
il_zsu_23_4,"ZSU-23-4V",israel,5,8.0
il_zsu_57_2,"ZSU-57-2",israel,4,7.0
it_2s1,"◔2S1",italy,4,5.7
it_39m_csaba,"Csaba",italy,1,1.0
it_40m_turan_1,"Turan I",italy,2,2.3
it_40_43m_zrinyi_2,"Zrinyi II",italy,2,2.7
it_41m_turan_2,"Turan II",italy,2,2.3
it_43m_turan_3,"Turan III",italy,3,4.0
it_44m_zrinyi_1,"Zrinyi I",italy,3,4.0
it_9a33bm3,"▄Osa-AKM",italy,7,10.3
it_9a35_m,"◔Strela-10M",italy,7,10.3
it_ab_41,"AB 41",italy,1,1.0
it_ab_43,"AB 43",italy,2,2.7
it_ariete_amv_pt1,"Ariete AMV",italy,8,12.3
it_as_42_47,"AS 42/47",italy,1,2.0
it_as_42_metropolitana,"AS 42",italy,1,1.3
it_aubl_74_60_70m,"AUBL/74 HVG",italy,5,8.0
it_b1_centauro,"Centauro I 105",italy,6,9.3
it_b1_centauro_romor,"Centauro I 105 R",italy,6,9.7
it_breda_52_autocannone,"Breda 90/53",italy,3,4.0
it_btr_80a_hungary,"◔BTR-80A",italy,5,7.3
it_c13_t90,"C13 T90",italy,5,7.3
it_c13_tua,"C13/TUA",italy,6,8.3
it_c1_ariete,"Ariete",italy,7,11.7
it_c1_ariete_certezza,"Ariete Certezza",italy,7,11.7
it_c1_ariete_preserie,"Ariete (P)",italy,7,10.7
it_c1_ariete_pso,"Ariete PSO",italy,7,11.7
it_centauro_2,"Centauro II (P)",italy,8,12.3
it_centauro_mgs_120,"Centauro I 120",italy,7,11.7
it_centauro_rgo_120,"Centauro RGO",italy,7,11.7
it_dardo_vcc,"Dardo",italy,7,10.0
it_fiat_6614_106sr,"FIAT 6614",italy,4,6.7
it_fiat_6614_firos,"FIROS 6",italy,5,7.7
it_fiat_6616_cockerill,"AUBL/74",italy,4,6.7
it_fiat_6616_ub,"FIAT 6616UB",italy,4,6.0
it_fiat_cm52,"CM52",italy,2,2.3
it_freccia,"Freccia",italy,7,11.0
it_freccia_hitfist_ows,"Freccia OWS 30",italy,7,10.7
it_kf_41,"KF41",italy,7,11.0
it_l3_cc,"L3/33 CC",italy,1,1.0
it_l6,"L6/40",italy,1,1.0
it_l6_leone,"L6/40 (31 Rgt.)",italy,1,1.0
it_lancia3ro_100,"Lancia 3Ro (100/17)",italy,1,1.7
it_leopard_1a2,"▄Leopard 1A2",italy,5,8.0
it_leopard_1a5,"▄Leopard 1A5",italy,6,9.3
it_leopard_2a4,"◔Leopard 2A4",italy,7,10.7
it_leopard_2a7_hungary,"Leopard 2A7HU",italy,8,12.7
it_leopard_bofors,"Leopard 40/70",italy,4,6.0
it_m109g,"▄M109G",italy,4,5.7
it_m113a1_tow,"M113A1 (TOW)",italy,6,8.3
it_m11_39,"M11/39",italy,1,1.0
it_m13_40_serie_1,"M13/40 (I)",italy,1,1.7
it_m13_40_serie_2,"M13/40 (II)",italy,1,2.0
it_m13_40_serie_3,"M13/40 (III)",italy,1,2.0
it_m14_41,"M14/41",italy,1,2.0
it_m14_41_47_40,"M14/41 (47/40)",italy,2,2.3
it_m15_42,"M15/42",italy,2,2.7
it_m15_42_contraereo,"M42 Contraereo",italy,3,3.7
it_m18_hellcat,"▄M18",italy,4,6.0
it_m24_chaffee,"▄M24",italy,3,4.0
it_m26a1_pershing,"M26A1",italy,4,6.7
it_m26_ariete,"M26 &quot;D.C.Ariete&quot;",italy,4,6.7
it_m36b1,"M36B1",italy,4,5.7
it_m3a3_stuart,"▄M3A3",italy,2,2.7
it_m44,"▄M44",italy,3,3.7
it_m47_105,"M47 (105/55)",italy,5,7.7
it_m4a4_sherman,"▄Sherman V",italy,3,3.7
it_m55,"▄M55",italy,3,3.7
it_m60a1_ariete,"M60A1 &quot;D.C.Ariete&quot;",italy,5,8.0
it_of_40_mk_1,"OF-40",italy,5,8.0
it_of_40_mk_2a,"OF-40 Mk.2A",italy,6,9.0
it_of_40_mtca,"OF-40 (MTCA)",italy,6,9.3
it_otobreda_sidam_25,"SIDAM 25",italy,6,8.0
it_otobreda_sidam_25_mistral,"SIDAM 25 (Mistral)",italy,6,9.7
it_otomatic,"OTOMATIC",italy,7,11.3
it_oto_r3_106sr,"R3 T106 FA",italy,5,8.0
it_oto_r3_t20_fa,"R3 T20 FA-HS",italy,4,6.0
it_palmaria,"Palmaria",italy,4,6.7
it_pzh_2000,"▄PzH 2000",italy,5,7.7
it_pzh_2000_hu,"PzH 2000HU",italy,5,7.7
it_pzkpfw_iii_ausf_n,"▄Pz.III N",italy,2,3.3
it_pzkpfw_iv_ausf_g,"▄Pz.IV G",italy,3,4.0
it_pzkpfw_vi_ausf_e_tiger,"Tigris",italy,4,6.0
it_p_26_40,"P40 &quot;G.C. Leoncello&quot;",italy,2,3.3
it_p_40,"P40",italy,2,3.3
it_sahariano,"Celere Sahariano",italy,2,2.7
it_samp_t_fcs,"FSAF SAMP/T (TADS)",italy,8,12.7
it_semovente_breda_501,"Breda 501",italy,3,5.0
it_semovente_l40,"47/32 L40",italy,1,1.3
it_semovente_m41m_90,"90/53 M41M",italy,3,3.7
it_semovente_m41_75_18,"75/18 M41",italy,2,2.0
it_semovente_m41_75_32,"75/32 M41",italy,2,2.3
it_semovente_m42_75_34,"75/34 M42",italy,2,2.3
it_semovente_m43_105,"105/25 M43",italy,2,3.0
it_semovente_m43_105_leoncello,"M43 &quot;G.C.Leoncello&quot;",italy,3,3.0
it_semovente_m43_75_34,"75/34 M43",italy,2,3.3
it_semovente_m43_75_46,"75/46 M43",italy,3,4.7
it_sherman_75_37,"▄Sherman I Composito",italy,3,3.7
it_sherman_vc_firefly,"▄Sherman Vc",italy,4,5.0
it_sherman_vii,"Sherman Ic",italy,3,4.7
it_stug_iii_ausf_g,"▄StuG III G",italy,3,4.0
it_toldi_ii_a,"Toldi IIA",italy,1,1.3
it_t_72m1,"◔T-72M1",italy,6,9.3
it_vbc_pt2,"VBC (PT2)",italy,6,9.7
it_vcc_80_hitfist_30,"VCC-80/30",italy,7,10.0
it_vcc_80_hitfist_60,"VCC-80/60",italy,6,9.3
it_vrcc_centauro,"VRCC",italy,6,9.7
it_zsu_23_4,"◔ZSU-23-4V",italy,5,8.0
it_zsu_57_2,"◔ZSU-57-2",italy,5,7.0
jp_btr_3e1,"BTR-3E1",japan,6,9.0
jp_halftrack_m16,"▅M16 MGMC",japan,2,2.7
jp_harimau,"Harimau",japan,7,10.3
jp_hiro_sha,"Ro-Go Exp.",japan,1,1.7
jp_icv_ifv_prototype,"Type 24 ICV (P)",japan,7,9.7
jp_icv_prototype,"Type 25 RCV (P)",japan,7,9.7
jp_leopard_2ri,"Leopard 2RI",japan,8,12.7
jp_m163_vulcan,"▄M163",japan,5,7.3
jp_m19,"▅M19A1",japan,3,4.0
jp_m24_chaffee,"▅M24",japan,3,4.0
jp_m36b2_jgsdf,"▅M36",japan,4,5.7
jp_m41_walker_bulldog,"▅M41A1",japan,4,6.3
jp_m42_duster,"▅M42",japan,3,4.0
jp_m44,"▅M44",japan,3,3.7
jp_m47_patton_ii,"▅M47",japan,5,7.3
jp_m4a3e8_76w_sherman,"▅M4A3 (76) W",japan,4,5.7
jp_m60a3_tts,"▄M60A3 TTS",japan,6,9.0
jp_navy_120mm_spg,"Chi-Ha LG",japan,2,3.0
jp_oplot_t,"BM Oplot-T",japan,8,12.3
jp_pzkpfw_vi_ausf_e_tiger,"▅Heavy Tank No.6",japan,4,6.0
jp_stingray,"▄Stingray",japan,6,9.3
jp_st_a1,"ST-A1",japan,4,6.3
jp_st_a2,"ST-A2",japan,4,6.3
jp_st_a3,"ST-A3",japan,4,6.7
jp_st_b1,"STB-2",japan,5,8.3
jp_sub_i_ii_20mm,"SUB-I-II",japan,4,5.3
jp_tkx_prot,"TKX",japan,8,12.7
jp_type_03_chusam_fcs,"Type 03 (TADS)",japan,8,12.7
jp_type_10,"Type 10",japan,8,12.7
jp_type_10_prototype,"TKX (P)",japan,7,12.0
jp_type_16,"Type 16",japan,7,9.7
jp_type_16_mcv_prot,"Type 16 (P)",japan,6,9.3
jp_type_16_mod,"Type 16 (FPS)",japan,6,9.3
jp_type_1_chi_he,"Chi-He",japan,2,2.7
jp_type_1_chi_he_5th_regiment,"Chi-He (5th Regiment)",japan,2,2.7
jp_type_2_ho_i,"Ho-I",japan,1,2.0
jp_type_2_ho_ni_2,"Ho-Ni II",japan,1,2.0
jp_type_2_ka_mi,"Ka-Mi",japan,1,1.0
jp_type_3_chi_nu,"Chi-Nu",japan,3,3.3
jp_type_3_chi_nu_75cm_type_5,"Chi-Nu II",japan,3,4.3
jp_type_3_ho_ni_i,"Ho-Ni I",japan,2,2.0
jp_type_3_ho_ni_iii,"Ho-Ni III",japan,2,2.3
jp_type_3_ka_chi,"Ka-Chi",japan,1,2.0
jp_type_4_chi_to,"Chi-To",japan,3,4.7
jp_type_4_chi_to_late,"Chi-To Late",japan,3,4.7
jp_type_4_ho_ro,"Ho-Ro",japan,1,1.3
jp_type_5_chi_ri,"Chi-Ri",japan,4,5.7
jp_type_5_ho_ri_production,"Ho-Ri Production",japan,5,7.3
jp_type_5_ho_ri_prototype,"Ho-Ri Prototype",japan,4,6.7
jp_type_5_na_to,"Na-To",japan,3,3.3
jp_type_60_atm,"Type 60 ATM",japan,4,6.7
jp_type_60_sprg,"Type 60 SPRG (C)",japan,4,6.7
jp_type_61,"Type 61",japan,4,6.7
jp_type_61_mod,"Type 61 (B)",japan,4,6.7
jp_type_74,"Type 74 (E)",japan,6,9.0
jp_type_74_c,"Type 74 (C)",japan,5,8.3
jp_type_74_f,"Type 74 (F)",japan,6,9.0
jp_type_74_mod_g_kai,"Type 74 (G)",japan,6,9.3
jp_type_74_red_star,"Type 74 Red Star",japan,5,8.3
jp_type_75,"Type 75 SPH",japan,4,6.3
jp_type_75_mlrs,"Type 75 MLRS",japan,5,7.0
jp_type_81_tansam,"Type 81 (C)",japan,7,11.7
jp_type_81_tansam_fcs,"Tan-SAM Kai (TADS)",japan,8,12.0
jp_type_87,"Type 87",japan,6,8.3
jp_type_87_rcv,"Type 87 RCV",japan,6,9.0
jp_type_87_rcv_prot,"Type 87 RCV (P)",japan,5,7.7
jp_type_89,"Type 89",japan,6,9.0
jp_type_89b_i_go_otsu,"I-Go Ko",japan,1,1.0
jp_type_90,"Type 90",japan,7,11.7
jp_type_90b,"Type 90 (B)",japan,7,11.7
jp_type_90b_camo,"Type 90 (B) &quot;Fuji&quot;",japan,7,11.7
jp_type_90b_sm,"◍Type 90 (B)",japan,7,11.7
jp_type_93,"Type 93",japan,7,9.3
jp_type_94,"Type 94",japan,1,1.3
jp_type_95_ha_go,"Ha-Go",japan,1,1.0
jp_type_95_ha_go_commander,"Ha-Go Commander",japan,1,1.0
jp_type_95_heavy,"Ro-Go",japan,1,1.3
jp_type_95_so_ki,"So-Ki",japan,2,3.0
jp_type_97_chi_ha,"Chi-Ha",japan,1,1.3
jp_type_97_chi_ha_12cm,"Chi-Ha Short Gun",japan,2,1.7
jp_type_97_kai,"Chi-Ha Kai",japan,2,2.3
jp_type_97_kai_td,"Chi-Ha Kai TD",japan,2,2.3
jp_type_98_ke_ni,"Ke-Ni",japan,1,1.0
jp_type_98_ta_se,"Ta-Se",japan,1,1.7
jp_type_99,"Type 99",japan,5,7.3
sw_asrad_r,"ASRAD-R",sweden,7,10.3
sw_a_34_comet,"▄Comet I",sweden,3,5.3
sw_bkan_1c,"Bkan 1C",sweden,4,6.7
sw_bmp_2md,"BMP-2MD",sweden,6,8.7
sw_bt_42,"BT-42",sweden,1,1.7
sw_charioteer_mk_7,"▄Charioteer Mk VII",sweden,4,6.0
sw_crotale_ng,"ItO 90M",sweden,8,12.0
sw_cv_90105,"CV 90105 TML",sweden,6,8.7
sw_cv_90105_tml,"CV 90105",sweden,7,10.3
sw_cv_90120,"CV90120-T",sweden,8,12.0
sw_cv_9030_fin,"CV 9030FIN",sweden,6,9.3
sw_cv_9035_dk,"CV 9035DK",sweden,6,9.7
sw_cv_90_mk4,"CV 90 Mk.IV",sweden,8,10.7
sw_eldenhet_98,"EldE 98",sweden,8,12.0
sw_ikv_103,"Ikv 103",sweden,3,4.0
sw_ikv_72,"Ikv 72",sweden,1,1.7
sw_ikv_73,"Ikv 73",sweden,2,2.7
sw_ikv_91,"Ikv 91",sweden,5,8.0
sw_ikv_91_105,"Ikv 91-105",sweden,6,9.0
sw_itpsv_90,"ItPsV Leopard",sweden,6,8.7
sw_k9_vidar,"VIDAR",sweden,5,8.0
sw_kungstiger,"Kungstiger",sweden,4,6.3
sw_kv_1_1942_fin,"▄KV-1 m1942",sweden,3,4.7
sw_lago_1,"Lago I",sweden,2,2.3
sw_landsverk_ush_204_gk,"U-SH 204 GK",sweden,4,5.3
sw_landsverk_ush_405,"U-SH 405",sweden,5,8.0
sw_leopard_1a5no,"Leopard 1A5NO2",sweden,6,9.3
sw_leopard_2a4_fin,"▄Leopard 2A4",sweden,7,10.7
sw_leopard_2a6nl,"▄Leopard 2A6",sweden,8,12.7
sw_lvkv_42,"Lvkv 42",sweden,3,4.7
sw_lvkv_90c,"Lvkv 9040C",sweden,7,10.3
sw_lvrbv_701,"Lvrbv 701",sweden,6,9.7
sw_l_62_anti_ii,"L-62 ANTI II",sweden,3,3.3
sw_m24_chaffee_dk,"M24DK",sweden,3,4.0
sw_nasams_fcs,"NASAMS 3 (TADS)",sweden,8,12.7
sw_nomads,"NOMADS",sweden,8,12.0
sw_patria_amv_ctcv_105,"CT-CV 105HP",sweden,7,10.0
sw_pbil_m40,"Pbil m/40",sweden,1,2.0
sw_pbv_301,"Pbv 301",sweden,2,2.3
sw_pbv_302_bill,"Pbv 302 (BILL)",sweden,6,8.7
sw_pbv_501,"Pbv 501",sweden,4,6.7
sw_pt_76b,"▄PT-76",sweden,3,5.3
sw_pvkv_ii,"Pvkv II",sweden,3,4.3
sw_pvkv_iii,"Pvkv III",sweden,2,3.3
sw_pvkv_iv,"Pvkv IV",sweden,3,3.0
sw_pvkv_m43_1946,"Pvkv m/43 (1946)",sweden,3,4.0
sw_pvkv_m43_1963,"Pvkv m/43 (1963)",sweden,3,5.0
sw_pvlvv_fm42,"Pvlvv fm/42",sweden,1,1.7
sw_pvrbv_551,"Pvrbv 551",sweden,5,8.0
sw_pzkpfw_iv_ausf_j,"▄Pz.IV",sweden,3,4.0
sw_sav_fm48,"SAV 20.12.48",sweden,3,4.0
sw_sav_m43_1944,"Sav m/43 (1944)",sweden,1,1.7
sw_sav_m43_1946,"Sav m/43 (1946)",sweden,2,3.0
sw_sherman_3_4,"Sherman III/IV",sweden,3,3.7
sw_stormpjas_fm43_44,"Spj fm/43-44",sweden,2,1.7
sw_strf_9056,"Strf 9040 BILL",sweden,7,10.3
sw_strf_90b,"Strf 9040B",sweden,6,9.7
sw_strf_90c,"Strf 9040C",sweden,7,10.3
sw_strv121b_christian2,"Christian II",sweden,7,10.7
sw_strv_101,"Strv 101",sweden,5,8.0
sw_strv_103a,"Strv 103A",sweden,5,8.0
sw_strv_103c,"Strv 103C",sweden,6,9.0
sw_strv_103_0,"Strv 103-0",sweden,5,8.0
sw_strv_104,"Strv 104",sweden,6,8.7
sw_strv_105,"Strv 105",sweden,6,9.3
sw_strv_121,"Strv 121",sweden,7,10.7
sw_strv_122,"Strv 122A",sweden,8,12.7
sw_strv_122b_plss,"Strv 122B PLSS",sweden,8,12.7
sw_strv_122b_plus,"Strv 122B+",sweden,8,12.7
sw_strv_74,"Strv 74",sweden,4,5.7
sw_strv_81,"Strv 81",sweden,5,7.7
sw_strv_81_rb52,"Strv 81 (RB 52)",sweden,5,7.7
sw_strv_m31,"Strv m/31",sweden,1,1.0
sw_strv_m38,"Strv m/38",sweden,1,1.0
sw_strv_m39,"Strv m/39",sweden,1,1.0
sw_strv_m39_td,"Strv m/39 TD",sweden,1,1.0
sw_strv_m40l,"Strv m/40L",sweden,1,2.0
sw_strv_m41_s1,"Strv m/41 S-I",sweden,2,2.7
sw_strv_m41_s2,"Strv m/41 S-II",sweden,2,2.7
sw_strv_m42_delat_torn,"Strv m/42 DT",sweden,3,5.0
sw_strv_m42_eh,"Strv m/42 EH",sweden,2,2.7
sw_tgdgb_m40_lv,"Lvtdgb m/40",sweden,2,2.7
sw_t_28,"▄T-28",sweden,1,1.7
sw_t_34_1941,"▄T-34",sweden,3,4.0
sw_t_34_85_zis_53,"▄T-34-85",sweden,4,5.7
sw_t_50_fin,"▄T-50",sweden,2,3.0
sw_t_54_1951,"▄T-54",sweden,5,8.0
sw_t_55m,"▄T-55M",sweden,6,9.0
sw_t_72m1,"▄T-72M1",sweden,6,9.3
sw_t_80u,"T 80 U",sweden,8,11.3
sw_udes_33,"UDES 33",sweden,6,8.3
sw_veak_40,"VEAK 40",sweden,5,7.7
sw_vickers_mk_e_37,"Vickers Mk.E",sweden,1,1.0
sw_vickers_mk_e_45,"▄T-26E",sweden,1,1.0
sw_zsu_57_2,"▄ZSU-57-2",sweden,5,7.0
uk_17_pdr_m10_achilles,"Achilles",britain,2,3.3
uk_17_pdr_m10_achilles_norfolk_yeomanry,"Achilles (65 Rg.)",britain,3,3.3
uk_3_inch_gun_carrier,"Gun Carrier (3-in)",britain,2,3.0
uk_9a33bm2,"▄Osa-AK",britain,7,10.3
uk_9a35_m,"▄Strela-10M",britain,7,10.3
uk_a17_mk_1_tetrarch,"Tetrarch I",britain,1,1.0
uk_a1e1_independent,"Independent",britain,1,1.3
uk_a25_mk_8,"Harry Hopkins I",britain,2,2.3
uk_a27m_cromwell_1,"Cromwell I",britain,2,3.7
uk_a27m_cromwell_5,"Cromwell V",britain,3,4.0
uk_a27m_cromwell_5_rp3,"Cromwell V (RP-3)",britain,3,4.0
uk_a30_challenger,"Challenger",britain,3,5.3
uk_a30_sp_avenger,"Avenger",britain,3,4.7
uk_a30_sp_avenger_kit_3rank,"Avenger (Overlord)",britain,3,4.7
uk_a39_tortoise,"Tortoise",britain,4,6.7
uk_ac1_sentinel,"A.C.I",britain,2,3.0
uk_ac4_thunderbolt,"A.C.IV",britain,3,5.3
uk_adats_m113a3,"ADATS (M113)",britain,8,11.7
uk_ajax,"Ajax",britain,7,10.3
uk_alecto_mk_1,"Alecto I",britain,1,1.7
uk_arjun_mk1,"Arjun Mk 1",britain,7,10.7
uk_armored_car_aec_mk_2,"AEC Mk II",britain,2,3.3
uk_armored_car_mk_2_aa,"AEC AA",britain,2,3.7
uk_as_90_mk_2,"AS90",britain,4,7.0
uk_a_12_mk_2_matilda_2,"Matilda III",britain,2,2.7
uk_a_13_mk1,"A13 Mk I",britain,1,1.0
uk_a_13_mk1_3rd_rtr,"A13 Mk I (3rd R.T.R.)",britain,1,1.0
uk_a_13_mk2,"A13 Mk II",britain,1,1.3
uk_a_13_mk2_1939,"A13 Mk II 1939",britain,1,1.3
uk_a_22b_mk_3_churchill_1942,"Churchill III",britain,3,4.0
uk_a_22f_mk_7_churchill_1944,"Churchill VII",britain,3,5.0
uk_a_22f_mk_7_churchill_crocodile,"Churchill Crocodile",britain,3,5.0
uk_a_22_mk_1_churchill_1941,"Churchill I",britain,2,3.3
uk_a_33_excelsior,"Excelsior",britain,3,4.3
uk_a_34_comet,"Comet I",britain,3,5.3
uk_a_34_comet_iron_duke,"Comet I &quot;Iron Duke IV&quot;",britain,3,5.3
uk_a_43_black_prince,"Black Prince",britain,4,6.0
uk_badger,"Badger",britain,6,9.0
uk_bosvark,"Bosvark",britain,3,5.3
uk_boxer_crv_block2,"CRV Block 2",britain,7,10.7
uk_centurion_action_x,"Centurion Action X",britain,4,7.7
uk_centurion_mk_1,"Centurion Mk 1",britain,4,6.0
uk_centurion_mk_10,"Centurion Mk 10",britain,5,8.0
uk_centurion_mk_2,"Centurion Mk.2",britain,4,6.7
uk_centurion_mk_3,"Centurion Mk 3",britain,4,7.7
uk_centurion_mk_3_ss11,"▄Strv 81 (RB 52)",britain,4,7.7
uk_centurion_mk_5_avre_era,"Centurion Mk.5 AVRE",britain,5,7.0
uk_centurion_mk_5_raac,"Centurion Mk.5/1",britain,5,7.7
uk_centurion_shot_kal_d,"▄Sho&#039;t Kal Dalet",britain,6,9.0
uk_challenger_1,"Challenger Mk.2",britain,7,10.3
uk_challenger_1_mk_3_gulf,"Challenger DS",britain,7,10.7
uk_challenger_2e,"Challenger 2E",britain,8,12.7
uk_challenger_2_bn,"Black Night",britain,8,12.7
uk_challenger_2_dorchester,"Challenger 2 (2F)",britain,7,11.7
uk_challenger_2_lep,"Challenger 3 TD",britain,8,12.0
uk_challenger_2_megatron,"Challenger 2 OES",britain,7,11.7
uk_challenger_2_megatron_sm,"◍Challenger 2 OES",britain,7,11.7
uk_challenger_2_tes,"Challenger 2 TES",britain,7,11.7
uk_challenger_ii,"Challenger 2",britain,7,11.7
uk_challenger_ii_yt_cup_2019,"␙Challenger 2",britain,7,11.7
uk_challenger_mk_3,"Challenger Mk.3",britain,7,10.7
uk_charioteer_mk_7,"Charioteer Mk VII",britain,4,6.0
uk_chieftain_900,"Chieftain 900",britain,6,9.3
uk_chieftain_marksman,"Chieftain Marksman",britain,6,8.3
uk_chieftain_mk_10,"Chieftain Mk 10",britain,6,9.3
uk_chieftain_mk_3,"Chieftain Mk 3",britain,6,8.7
uk_chieftain_mk_5,"Chieftain Mk 5",britain,6,8.7
uk_churchill_avre,"Churchill AVRE Petard",britain,2,2.7
uk_churchill_na75,"Churchill NA75",britain,3,4.3
uk_concept3_ngac,"Concept 3",britain,3,4.7
uk_conqueror_mk_2,"Conqueror",britain,5,7.7
uk_cruiser_ram_1,"Ram I",britain,2,3.0
uk_crusader_aa_mk_1,"Crusader AA Mk I",britain,2,3.0
uk_crusader_aa_mk_2,"Crusader AA Mk II",britain,3,4.0
uk_crusader_aa_mk_2_kit_3rank,"Crusader AA (Overlord)",britain,3,4.0
uk_crusader_mk_2,"Crusader II",britain,2,2.7
uk_crusader_mk_2_the_saint,"Crusader &quot;The Saint&quot;",britain,2,2.7
uk_crusader_mk_3,"Crusader III",britain,2,3.0
uk_daimler_mk_2,"Daimler Mk II",britain,1,1.3
uk_desert_warrior,"Desert Warrior",britain,7,9.7
uk_eland_90_mk_7,"Eland 90 Mk.7",britain,4,7.7
uk_falcon,"Falcon",britain,5,8.3
uk_fv102_striker,"Striker",britain,6,8.3
uk_fv107_scimitar,"Scimitar",britain,5,7.7
uk_fv107_scimitar_mk2,"Scimitar Mk.2",britain,6,8.3
uk_fv221_caernarvon,"Caernarvon",britain,5,7.7
uk_fv4004_conway,"Conway",britain,4,7.0
uk_fv4005,"FV4005",britain,4,6.0
uk_fv4202,"FV4202",britain,4,7.3
uk_fv438_swingfire,"Swingfire",britain,5,8.0
uk_fv510_isv,"Warrior",britain,6,8.3
uk_fv721_fox,"Fox",britain,5,8.0
uk_g6_spg,"G6",britain,4,6.3
uk_khalid,"Khalid",britain,6,9.3
uk_m109a1,"▄M109A1",britain,4,6.0
uk_m1a1_aim_abrams,"▄M1A1 SA",britain,7,12.0
uk_m1a2_sep3_abrams,"M1A2",britain,8,12.7
uk_m3a1_stuart,"Stuart III",britain,1,2.3
uk_m3_stuart,"Stuart I",britain,1,2.0
uk_m44,"▄M44",britain,3,3.7
uk_m4a5_ram_2,"Ram II",britain,2,3.7
uk_mark_v,"Mark V",britain,1,1.0
uk_marmon_herrington_mk_6_2pdr,"SARC MkVI (2pdr)",britain,2,2.3
uk_marmon_herrington_mk_6_6pdr,"SARC MkVI (6pdr)",britain,2,3.7
uk_matilda_hedgehog,"Matilda Hedgehog",britain,2,2.7
uk_mk1_grant,"Grant I",britain,2,2.7
uk_olifant_mk_1a,"Olifant Mk.1A",britain,6,8.3
uk_olifant_mk_2,"Olifant Mk.2",britain,6,9.3
uk_ram_90mm_aa,"QF 3.7 Ram",britain,3,5.3
uk_ratel_20,"Ratel 20",britain,4,6.7
uk_ratel_90,"Ratel 90",britain,4,6.7
uk_ratel_zt3,"ZT3A2",britain,6,8.3
uk_rooikat_105_td,"Rooikat 105",britain,6,9.7
uk_rooikat_76,"Rooikat Mk.1D",britain,6,8.7
uk_rooikat_mttd,"Rooikat MTTD",britain,6,9.3
uk_rooikat_za_35,"ZA-35",britain,6,8.7
uk_sarc_mk4_a,"SARC MkIVa",britain,1,1.3
uk_sherman_ic_firefly,"Sherman IC &quot;Trzyniec&quot;",britain,3,4.7
uk_sherman_ii,"Sherman II",britain,2,3.7
uk_sherman_vc_firefly,"Sherman Firefly",britain,3,4.7
uk_sherman_vc_firefly_kit_3rank,"Firefly (Overlord)",britain,3,4.7
uk_shir_2,"FV4030/3",britain,6,10.0
uk_skink_aa,"Skink",britain,4,5.3
uk_sky_sabre_fcs,"Sky Sabre (TADS)",britain,8,12.7
uk_sp_17_pdr_valentine,"Archer",britain,2,2.7
uk_stormer_air_defence,"Stormer AD",britain,7,10.0
uk_stormer_hvm,"Stormer HVM",britain,7,10.3
uk_t17e2,"Staghound AA",britain,1,2.0
uk_tog_2,"TOG II",britain,3,5.3
uk_tracked_rapier,"Rapier",britain,6,9.7
uk_ttd,"TTD",britain,7,10.0
uk_t_90s_bheeshma,"Bhishma TWMP",britain,7,10.7
uk_valentine_mk_1,"Valentine I",britain,2,2.7
uk_valentine_mk_11,"Valentine XI",britain,2,3.0
uk_valentine_mk_9,"Valentine IX",britain,2,3.0
uk_vfm_5,"VFM5",britain,6,9.3
uk_vickers_gbt_155,"GBT 155",britain,4,7.0
uk_vickers_mbt_mk_1,"Vickers Mk.1",britain,5,8.0
uk_vickers_mbt_mk_3,"Vickers Mk.3",britain,6,8.3
uk_vickers_mk7,"Vickers Mk.7",britain,7,10.7
uk_vickers_mk_11,"Vickers Mk.11",britain,6,8.7
uk_vickers_mk_6_aa_mk_1,"Light AA Mk I",britain,1,1.0
uk_vijayanta,"Vijayanta",britain,6,8.3
uk_ystervark_spaa,"Ystervark",britain,3,4.0
ussr_2s1,"2S1",ussr,4,5.7
ussr_2s19_m1,"2S19M1",ussr,5,6.7
ussr_2s19_m2,"2S19M2",ussr,5,7.0
ussr_2s25,"2S25",ussr,6,9.3
ussr_2s25m,"2S25M",ussr,7,10.0
ussr_2s38,"2S38",ussr,7,10.7
ussr_2s3m,"2S3M",ussr,4,6.0
ussr_9a33bm3,"Osa-AKM",ussr,7,10.3
ussr_9a35_m2,"Strela-10M2",ussr,7,10.3
ussr_9p149,"Shturm-S",ussr,6,8.7
ussr_9p157,"Khrizantema-S",ussr,6,9.3
ussr_asu_57,"ASU-57",ussr,3,4.3
ussr_asu_85,"ASU-85",ussr,4,6.3
ussr_a_12_mk_2_matilda_2a_f96,"▂MK-II &quot;Matilda&quot;",ussr,2,3.3
ussr_ba_11,"BA-11",ussr,1,1.3
ussr_bmd_4,"BMD-4",ussr,6,9.7
ussr_bmd_4m,"BMD-4M",ussr,6,9.7
ussr_bmd_4m2,"BMD-4M2",ussr,6,9.7
ussr_bmpt,"BMPT",ussr,7,11.7
ussr_bmpt_72,"BMPT-72",ussr,7,11.7
ussr_bmp_1,"BMP-1",ussr,5,8.0
ussr_bmp_2,"BMP-2",ussr,6,8.7
ussr_bmp_2m,"BMP-2M",ussr,7,10.3
ussr_bmp_3,"BMP-3",ussr,6,9.3
ussr_bm_13n,"BM-13N",ussr,2,2.7
ussr_bm_31_12,"BM-31-12",ussr,3,4.0
ussr_bm_8_24,"BM-8-24",ussr,1,1.3
ussr_btr_152a,"BTR-152A",ussr,2,2.7
ussr_btr_152d,"BTR-152D",ussr,3,4.0
ussr_btr_80a,"BTR-80A",ussr,5,7.3
ussr_btr_82at,"BTR-82AT",ussr,6,9.0
ussr_btr_zd,"BTR-ZD",ussr,4,6.3
ussr_bt_5,"BT-5",ussr,1,1.0
ussr_bt_7a_f32,"BT-7A (F-32)",ussr,2,4.0
ussr_bt_7_1937,"BT-7",ussr,1,1.3
ussr_bt_7_1937_td,"BT-7 TD",ussr,1,1.3
ussr_bt_7_m,"BT-7M",ussr,1,2.0
ussr_buk_m3_fcs,"9K317M &quot;BUK-M3&quot; (TADS)",ussr,8,12.7
ussr_garford_putilov,"Garford",ussr,1,1.0
ussr_gaz_4m,"GAZ-AAA (4M)",ussr,1,1.0
ussr_gaz_dshk,"GAZ-AAA (DShK)",ussr,1,1.0
ussr_gaz_mm_72k,"GAZ-MM (72-K)",ussr,2,2.3
ussr_isu_122,"ISU-122",ussr,3,5.3
ussr_isu_122s,"ISU-122S",ussr,3,5.7
ussr_isu_152,"ISU-152",ussr,3,4.7
ussr_is_1,"IS-1",ussr,3,5.7
ussr_is_1_kit_3rank,"IS-1 (&#039;45)",ussr,3,5.7
ussr_is_2m_kit_4rank,"IS-2M (Be Prepared!)",ussr,4,6.3
ussr_is_2_1943,"IS-2",ussr,4,6.0
ussr_is_2_1944,"IS-2 (1944)",ussr,4,6.3
ussr_is_2_1944_321,"IS-2 No.321",ussr,4,6.3
ussr_is_2_1944_revenge,"IS-2 &quot;Revenge&quot;",ussr,4,6.3
ussr_is_3,"IS-3",ussr,5,7.3
ussr_is_4m,"IS-4M",ussr,5,7.7
ussr_is_6,"IS-6",ussr,5,7.7
ussr_is_7,"IS-7",ussr,6,8.3
ussr_it_1,"IT-1",ussr,6,8.7
ussr_kv_122,"KV-122",ussr,4,5.3
ussr_kv_1e,"KV-1E",ussr,3,4.3
ussr_kv_1s,"KV-1S",ussr,2,4.3
ussr_kv_1_l_11,"KV-1 (L-11)",ussr,2,3.7
ussr_kv_1_zis_5,"KV-1 (ZiS-5)",ussr,3,4.7
ussr_kv_220,"KV-220",ussr,4,6.0
ussr_kv_2_1939,"KV-2 (1939)",ussr,2,3.7
ussr_kv_2_1940,"KV-2 (1940)",ussr,3,3.7
ussr_kv_2_zis_6,"KV-2 (ZiS-6)",ussr,3,5.0
ussr_kv_7_u13,"KV-7 (U-13)",ussr,3,4.3
ussr_kv_8,"KV-8",ussr,2,3.7
ussr_kv_85,"KV-85",ussr,3,5.0
ussr_m3c,"▂M3 Medium",ussr,2,2.7
ussr_m4a2_76w_sherman,"▂M4A2",ussr,3,5.3
ussr_m53_59,"M53/59",ussr,4,6.3
ussr_m53_59_kit_4rank,"M53/59 (Be Prepared!)",ussr,4,6.3
ussr_object_120,"Object 120",ussr,5,8.0
ussr_object_140,"Object 140",ussr,6,8.7
ussr_object_248,"Object 248",ussr,4,6.3
ussr_object_268,"Object 268",ussr,5,7.0
ussr_object_279,"Object 279",ussr,6,9.0
ussr_object_292,"Object 292",ussr,7,10.7
ussr_object_416,"Object 416",ussr,5,6.7
ussr_object_435,"Object 435",ussr,6,9.0
ussr_object_685,"Object 685",ussr,6,8.7
ussr_object_775,"Object 775",ussr,6,9.3
ussr_object_906,"Object 906",ussr,5,8.0
ussr_pantsyr_s1,"Pantsir-S1",ussr,8,12.0
ussr_pantsyr_sm_sv,"Pantsir SM-SV",ussr,8,12.7
ussr_pt_76b,"PT-76B",ussr,3,5.3
ussr_pt_76_57,"PT-76-57",ussr,5,8.3
ussr_pzkpfw_iii_ausf_j_l42,"▂T-III",ussr,1,2.3
ussr_pzkpfw_v,"▂T-V",ussr,4,6.0
ussr_rbt_5,"RBT-5",ussr,1,1.3
ussr_sdkfz_251_21_kit_3rank,"Hanomag (&#039;45)",ussr,3,4.0
ussr_smk,"SMK",ussr,2,3.7
ussr_su_100p,"SU-100P",ussr,4,6.3
ussr_su_100y,"SU-100Y",ussr,3,4.7
ussr_su_100_1945,"SU-100",ussr,4,6.0
ussr_su_122,"SU-122",ussr,2,3.0
ussr_su_122p,"SU-122P",ussr,4,5.7
ussr_su_122_54,"SU-122-54",ussr,5,6.7
ussr_su_152,"SU-152",ussr,3,3.7
ussr_su_57,"SU-57",ussr,1,2.3
ussr_su_57b,"SU-57B",ussr,2,2.7
ussr_su_5_1,"SU-5-1",ussr,1,1.0
ussr_su_76d,"SU-76D",ussr,2,2.3
ussr_su_76m_1943,"SU-76M",ussr,1,2.0
ussr_su_76m_5st_kav_corps,"SU-76M (5th Gv.Kav.Corps)",ussr,2,2.0
ussr_su_85a,"SU-85A",ussr,2,4.0
ussr_su_85m,"SU-85M",ussr,3,5.0
ussr_su_85_1943,"SU-85",ussr,3,4.3
ussr_tor_m1,"Tor-M1",ussr,7,11.3
ussr_to_55,"TO-55",ussr,5,8.0
ussr_type_62,"▂Type 62",ussr,4,6.7
ussr_type_65_aa,"▂Phòng không T-34",ussr,3,5.0
ussr_t_10a,"T-10A",ussr,5,7.7
ussr_t_10m,"T-10M",ussr,6,8.3
ussr_t_126sp,"T-126",ussr,2,3.0
ussr_t_26e,"T-26E",ussr,1,1.3
ussr_t_26_1940,"T-26",ussr,1,1.0
ussr_t_26_1940_1st_gvtbr,"T-26 (1st Gv.T.Br.)",ussr,1,1.0
ussr_t_26_4,"T-26-4",ussr,1,1.0
ussr_t_28,"T-28",ussr,1,1.7
ussr_t_28e,"T-28E",ussr,2,2.3
ussr_t_28_1938,"T-28 (1938)",ussr,1,1.3
ussr_t_34e,"T-34E",ussr,2,4.3
ussr_t_34e_stz,"T-34E STZ",ussr,2,4.3
ussr_t_34_100,"T-34-100",ussr,4,6.3
ussr_t_34_1940_l_11,"T-34 (Prototype)",ussr,2,3.7
ussr_t_34_1941,"T-34 (1941)",ussr,2,4.0
ussr_t_34_1941_57,"T-34-57",ussr,3,4.7
ussr_t_34_1941_cast_turret,"T-34 (1st Gv.T.Br.)",ussr,2,4.0
ussr_t_34_1941_l_11,"T-34 (1940)",ussr,2,3.7
ussr_t_34_1942,"T-34 (1942)",ussr,2,4.0
ussr_t_34_57_1943,"T-34-57 (1943)",ussr,3,4.7
ussr_t_34_85e,"T-34-85E",ussr,4,5.7
ussr_t_34_85_d_5t,"T-34-85 (D-5T)",ussr,3,5.3
ussr_t_34_85_stp_s53,"T-34-85 (STP)",ussr,4,6.3
ussr_t_34_85_zis_53,"T-34-85",ussr,3,5.7
ussr_t_34_85_zis_53_kit_3rank,"T-34-85 (&#039;45)",ussr,3,5.7
ussr_t_34_85_zis_53_v80,"T-34-85 &quot;Partisan&quot;",ussr,3,5.7
ussr_t_35,"T-35",ussr,1,1.3
ussr_t_44,"T-44",ussr,4,6.7
ussr_t_44_100,"T-44-100",ussr,5,7.0
ussr_t_44_122,"T-44-122",ussr,4,6.3
ussr_t_44_kit_4rank,"T-44 (Be Prepared!)",ussr,4,6.7
ussr_t_44_po,"T-44 (FM)",ussr,4,6.3
ussr_t_50,"T-50",ussr,2,2.7
ussr_t_54_1947,"T-54 (1947)",ussr,5,7.7
ussr_t_54_1949,"T-54 (1949)",ussr,5,8.0
ussr_t_54_1951,"T-54 (1951)",ussr,5,8.0
ussr_t_55a,"T-55A",ussr,6,8.3
ussr_t_55_am,"T-55AM-1",ussr,6,9.0
ussr_t_55_amd_1,"T-55AMD-1",ussr,6,9.0
ussr_t_60_1941,"T-60",ussr,1,1.0
ussr_t_62,"T-62",ussr,6,8.7
ussr_t_62m1,"T-62M-1",ussr,6,9.0
ussr_t_64a_1971,"T-64A (1971)",ussr,6,9.3
ussr_t_64_b_1984,"T-64B",ussr,7,10.3
ussr_t_70_1942,"T-70",ussr,1,2.0
ussr_t_72a,"T-72A",ussr,6,9.3
ussr_t_72av_turms,"T-72AV (TURMS-T)",ussr,7,10.3
ussr_t_72b,"T-72B",ussr,7,10.3
ussr_t_72b3_2011,"T-72B3",ussr,7,11.3
ussr_t_72b3_arena,"T-72B3 &quot;Arena&quot;",ussr,7,11.0
ussr_t_72b3_arena_m,"T-72B3A",ussr,8,12.0
ussr_t_72b_1989,"T-72B (1989)",ussr,7,10.3
ussr_t_72m2_moderna,"T-72M2 Moderna",ussr,7,10.7
ussr_t_80,"T-80",ussr,2,2.3
ussr_t_80b,"T-80B",ussr,7,10.7
ussr_t_80bvm,"T-80BVM",ussr,8,12.7
ussr_t_80u,"T-80U",ussr,7,11.7
ussr_t_80ud,"T-80UD",ussr,7,10.7
ussr_t_80ue1,"T-80U-E1",ussr,7,12.0
ussr_t_80ue1_sm,"◍Т-80U-Е1",ussr,7,12.0
ussr_t_80uk,"T-80UK",ussr,7,11.7
ussr_t_80um2,"T-80UM2",ussr,7,11.7
ussr_t_80u_yt_cup_2019,"␙T-80U",ussr,7,11.7
ussr_t_90a,"T-90A",ussr,7,11.0
ussr_t_90m_2020,"T-90M",ussr,8,12.7
ussr_t_90m_arena_m,"T-90M (Arena-M)",ussr,8,12.7
ussr_valentine_mk_9,"▂MK-IX &quot;Valentine&quot;",ussr,2,3.0
ussr_zis_12_94km_1945,"ZiS-12 (94-KM)",ussr,2,3.3
ussr_zis_30,"ZiS-30",ussr,2,2.3
ussr_zis_43,"ZiS-43",ussr,2,3.0
ussr_zprk_2s6,"2S6",ussr,7,11.0
ussr_zsu_23_4,"ZSU-23-4V",ussr,6,8.0
ussr_zsu_23_4m2,"ZSU-23-4M2",ussr,5,7.3
ussr_zsu_23_4m4,"ZSU-23-4M4",ussr,6,9.3
ussr_zsu_29k,"YaG-10 (29-K)",ussr,2,3.3
ussr_zsu_37,"ZSU-37",ussr,2,3.3
ussr_zsu_37_2,"ZSU-37-2",ussr,5,7.7
ussr_zsu_57_2,"ZSU-57-2",ussr,5,7.0
ussr_zut_37,"ZUT-37",ussr,2,2.3
us_adats_bradley,"ADATS",usa,8,11.7
us_ags_teledyne,"AGS",usa,7,12.0
us_ccvl,"CCVL",usa,7,10.0
us_efv_p1,"EFV",usa,6,9.0
us_halftrack_m13,"M13 MGMC",usa,1,1.7
us_halftrack_m15,"M15 CGMC",usa,1,1.7
us_halftrack_m16,"M16 MGMC",usa,2,2.7
us_halftrack_m3_75mm_gmc,"M3 GMC",usa,1,1.7
us_hstv_l,"HSTV-L",usa,7,12.0
us_lav_ad,"LAV-AD",usa,7,10.0
us_losat_ccv,"LOSAT",usa,7,10.0
us_lvt_4_zis_2,"▃LVT(A)(4) (ZIS-2)",usa,2,2.3
us_lvt_a1_m24,"LVT(A)(1) (M24)",usa,2,2.7
us_lvt_a_1,"LVT(A)(1)",usa,1,1.0
us_lvt_a_1_trb,"○LVT(A)(1)",usa,1,1.0
us_lvt_a_4,"LVT(A)(4)",usa,1,1.3
us_m10,"M10 GMC",usa,2,3.3
us_m103,"M103",usa,5,7.7
us_m109a1,"M109A1",usa,4,6.0
us_m10_booker_late,"M10 Booker",usa,7,10.7
us_m1128_mgs,"M1128",usa,7,10.3
us_m1128_wolfpack,"M1128 Wolfpack",usa,7,10.3
us_m1296_dragoon,"M1296",usa,6,9.3
us_m163_vulcan,"M163",usa,5,7.3
us_m18_hellcat,"M18 GMC",usa,3,6.0
us_m18_hellcat_black_cat,"M18 &quot;Black Cat&quot;",usa,3,6.0
us_m18_hellcat_kit_3rank,"Hellcat (Hell)",usa,3,6.0
us_m18_super_hellcat,"Super Hellcat",usa,4,6.7
us_m19,"M19A1",usa,3,4.0
us_m1a1_abrams,"M1A1",usa,7,11.7
us_m1a1_abrams_yt_cup_2019,"␙M1A1",usa,7,11.7
us_m1a1_aim_abrams,"M1A1 SA",usa,7,12.0
us_m1a1_hc_abrams,"M1A1 HC",usa,7,12.0
us_m1a1_hc_usmc,"M1A1 Click-Bait",usa,7,12.0
us_m1a1_hc_usmc_sm,"◍M1A1 HC",usa,7,12.0
us_m1a2_abrams,"M1A2 Abrams",usa,7,12.0
us_m1a2_sep2_abrams,"M1A2 SEPv2",usa,8,12.7
us_m1a2_sep2_abrams_trophy,"M1A2 (Trophy-HV)",usa,8,12.7
us_m1a2_sep3_abrams,"M1A2 SEPv3",usa,8,12.7
us_m1a2_sep_abrams,"M1A2 SEP",usa,8,12.7
us_m1_abrams,"M1 Abrams",usa,7,10.7
us_m1_abrams_kvt,"M1 KVT",usa,7,10.7
us_m1_ip_abrams,"IPM1",usa,7,11.3
us_m22_locust,"M22",usa,1,2.0
us_m247,"M247",usa,6,9.3
us_m24_chaffee,"M24",usa,3,4.0
us_m24_chaffee_tl,"M24 (TL)",usa,3,4.0
us_m26e1_pershing,"M26E1",usa,4,6.7
us_m26_pershing,"M26",usa,4,6.7
us_m26_t99,"M26 T99",usa,4,6.7
us_m2a2,"M2A2",usa,1,1.0
us_m2a4,"M2A4",usa,1,1.0
us_m2a4_1st_armor_div,"M2A4 (1st Arm.Div.)",usa,1,1.0
us_m2_medium,"M2",usa,1,1.3
us_m36,"M36 GMC",usa,3,5.3
us_m36b2,"M36B2",usa,3,5.7
us_m3a1_stuart,"M3A1 Stuart",usa,1,2.3
us_m3a1_stuart_usmc,"M3A1 (USMC)",usa,1,2.3
us_m3a3_bradley,"M3A3 Bradley",usa,7,9.7
us_m3_bradley,"M3 Bradley",usa,6,8.3
us_m3_lee,"M3 Lee",usa,2,2.7
us_m3_stuart,"M3 Stuart",usa,1,2.0
us_m41_walker_bulldog,"M41A1",usa,4,6.3
us_m42_duster,"M42",usa,3,4.0
us_m44,"M44",usa,3,3.7
us_m46_patton,"M46",usa,4,7.0
us_m46_patton_73_armor_bat,"M46 &quot;Tiger&quot;",usa,4,7.0
us_m47_patton_ii,"M47",usa,5,7.3
us_m48a1_patton_iii,"M48A1",usa,5,7.7
us_m4a1_1942_sherman,"M4A1",usa,2,3.7
us_m4a1_76w_sherman,"M4A1 (76) W",usa,3,5.0
us_m4a2_1944_germ,"▀M4 748 (a)",germany,3,4.0
us_m4a2_76w_sherman,"M4A2 (76) W",usa,3,5.3
us_m4a2_sherman,"M4A2",usa,2,4.0
us_m4a3e2_76w_sherman_jumbo,"M4A3E2 (76) W",usa,4,6.3
us_m4a3e2_sherman_jumbo,"M4A3E2",usa,3,5.7
us_m4a3e2_sherman_jumbo_cobra_king,"Cobra King",usa,3,5.7
us_m4a3e8_76w_sherman,"M4A3 (76) W",usa,3,5.7
us_m4a3e8_76w_sherman_kit_3rank,"Sherman (Hell)",usa,3,5.7
us_m4a3_105_sherman,"M4A3 (105)",usa,2,3.0
us_m4a5_ram_2,"M4A5",usa,2,3.7
us_m5a1_stuart,"M5A1",usa,2,2.7
us_m551,"M551",usa,5,8.0
us_m4_sherman,"M4",usa,2,3.7
us_m4_t26,"M4/T26",usa,4,6.0
us_t25,"T25",usa,4,6.3
us_m60,"M60",usa,5,8.0
us_m60a1,"M60A1 (AOS)",usa,6,8.3
us_m60a1_rise_passive_era,"M60A1 RISE (P)",usa,6,8.7
us_m60a3_tts,"M60A3 TTS",usa,6,9.0
us_m60_120s,"120S",usa,7,10.3
us_m6a1,"M6A1",usa,3,5.0
us_t1e1,"T1E1",usa,3,5.3
us_mbt_70,"MBT-70",usa,6,9.3
us_mim_72_chaparral,"Imp.Chaparral",usa,6,9.0
us_m8_scott,"M8 HMC",usa,1,1.3
us_m56_scorpion,"M56",usa,4,6.7
us_m50_ontos,"M50",usa,4,6.7
us_m60a2,"M60A2",usa,6,8.3
us_m5a1_stuart_canadian_5st_arm,"▃Stuart VI (5th CAD)",usa,2,2.7
us_mk1_grant,"▃Grant I",usa,2,2.7
us_m4_sherman_promo,"M4",usa,2,3.7
us_m4_sherman_calliope,"Calliope",usa,3,4.0
us_t14,"T14",usa,3,4.7
us_t20,"T20",usa,4,6.3
us_m728,"M728 CEV",usa,5,7.0
us_m901_itv,"M901",usa,6,8.3
us_m8_greyhound,"M8 LAC",usa,1,1.0
us_m5a1_stuart_td,"M5A1 TD",usa,2,2.7
us_m8a1,"M8A1 GMC",usa,2,3.0
us_t18_e2,"T18E2",usa,2,3.3
us_m551_76,"M551(76)",usa,4,7.0
us_m6a2e1,"M6A2E1",usa,4,6.7
us_t114,"T114",usa,5,7.7
us_magach_3,"▃Magach 3 (ERA)",usa,5,8.0
us_merkava_mk_1,"▃Merkava Mk.1",usa,6,9.3
us_merkava_mk_2b_late,"▃Merkava Mk.2B",usa,6,9.7
us_m60a3_slep,"M60 AMBT",usa,7,10.0
us_merkava_mk_3d,"▃Merkava Mk.3D",usa,7,11.3
us_t1e1_90,"T1E1 (90)",usa,3,5.7
us_skink_aa,"▃Skink",usa,4,5.3
us_rdf_lt,"RDF/LT",usa,7,12.0
us_sl_amraam_fcs,"CLAWS (TADS)",usa,8,12.3
us_skink_aa_kit_3rank,"▃Skink (Hell)",usa,3,5.3
us_stingray,"Stingray",usa,6,9.3
us_m55,"M55",usa,3,3.7
us_nasams_fcs,"NASAMS 3 (TADS)",usa,8,12.7
us_m60a1_rise_mod,"M60A1 Predator",usa,6,8.7
us_m7,"M7",usa,2,3.7
us_t26e4_superpershing,"T26E1-1",usa,4,6.7
us_t26e5,"T26E5",usa,4,6.7
us_t28,"T28",usa,4,6.3
us_t29,"T29",usa,4,7.0
us_t30,"T30",usa,4,6.7
us_t32,"T32",usa,5,7.3
us_t32e1,"T32E1",usa,5,7.7
us_t34,"T34",usa,4,6.7
us_t54e1,"T54E1",usa,5,8.0
us_t54e2,"T54E2",usa,5,7.7
us_t55e1,"T55E1",usa,3,4.3
us_t58,"T58",usa,5,8.7
us_t77e1,"T77E1",usa,2,4.0
us_t86,"T86",usa,3,6.0
us_t92,"T92",usa,4,7.0
us_t95,"T95",usa,5,7.0
us_t95e1,"T95E1",usa,6,8.3
us_xm1_chrysler,"XM1 (Chrysler)",usa,6,9.3
us_xm1_gm,"XM1 (GM)",usa,6,9.3
us_xm246,"XM246",usa,6,8.7
us_xm_8,"XM8",usa,6,9.7
us_xm_800t,"XM800T",usa,6,8.7
us_xm_803,"XM803",usa,6,9.0
us_xm_975_roland,"XM975",usa,7,10.0